{
	"info": {
		"_postman_id": "738ac6e0-7ccd-4f66-87be-c3b0917fefe3",
		"name": "rest api",
		"schema": "https://schema.getpostman.com/json/collection/v2.1.0/collection.json",
		"_exporter_id": "21084502"
	},
	"item": [
		{
			"name": "Register",
			"request": {
				"method": "POST",
				"header": [],
				"body": {
					"mode": "formdata",
					"formdata": [
						{
							"key": "name",
							"value": "Nahdliyah Sholihah Afriyani",
							"type": "text"
						},
						{
							"key": "email",
							"value": "nahdliyahsholihah@gmail.com",
							"type": "text"
						},
						{
							"key": "password",
							"value": "12345678",
							"type": "text"
						}
					]
				},
				"url": {
					"raw": "localhost:8000/api/register",
					"host": [
						"localhost"
					],
					"port": "8000",
					"path": [
						"api",
						"register"
					]
				}
			},
			"response": []
		},
		{
			"name": "login",
			"request": {
				"method": "POST",
				"header": [],
				"body": {
					"mode": "formdata",
					"formdata": [
						{
							"key": "email",
							"value": "nahdliyahsholihah@gmail.com",
							"type": "text"
						},
						{
							"key": "password",
							"value": "12345678",
							"type": "text"
						}
					]
				},
				"url": {
					"raw": "localhost:8000/api/login",
					"host": [
						"localhost"
					],
					"port": "8000",
					"path": [
						"api",
						"login"
					]
				}
			},
			"response": []
		},
		{
			"name": "profile",
			"request": {
				"auth": {
					"type": "bearer",
					"bearer": [
						{
							"key": "token",
							"value": "3|spHPWmpWSYYO8yCJqQ6fff4YwThMFpwnSv9xkRCc",
							"type": "string"
						}
					]
				},
				"method": "GET",
				"header": [],
				"url": {
					"raw": "localhost:8000/api/profile",
					"host": [
						"localhost"
					],
					"port": "8000",
					"path": [
						"api",
						"profile"
					]
				}
			},
			"response": []
		},
		{
			"name": "logout",
			"request": {
				"auth": {
					"type": "bearer",
					"bearer": [
						{
							"key": "token",
							"value": "3|spHPWmpWSYYO8yCJqQ6fff4YwThMFpwnSv9xkRCc",
							"type": "string"
						}
					]
				},
				"method": "POST",
				"header": [],
				"url": {
					"raw": "localhost:8000/api/logout",
					"host": [
						"localhost"
					],
					"port": "8000",
					"path": [
						"api",
						"logout"
					]
				}
			},
			"response": []
		}
	]
}